Александр Петров,7071617015
Екатерина Смирнова,7012345678
Michael Johnson,7478901234
Мария Иванова,7774567890
David Brown,7056789012
Анна Козлова,7711234567
Thomas Wilson,7759876543
Дмитрий Морозов,7023456789
Sarah Taylor,7087654321
Ольга Новикова,7471122334
James Martin,7019988776
Татьяна Волкова,7773344556
Robert Anderson,7056677889
Наталья Лебедева,7714455667
John Thompson,7758899001
Сергей Соколов,7022233445
Patricia White,7085566778
Ирина Попова,7477788990
William Harris,7011122334
Елена Ковалева,7774433221